c_program	jigenlin	000001	49.000000
English	waiyanshe	000002	35.000000
Flipped	rob	000003	25.000000
harry_potter	J.K	000004	169.000000
