The Witcher,Andrzej Sapkowski,978-7-229-10132-9,32.799999
C Primer Plus,Stephen Prata,978-7-115-13022-8,60.000000
The World Of Ice And Fire,George R R Martin,9780553805444,32.000000
1984,George Orwell,9787568014182,35.000000
